{"eval_loss": 1.5262525081634521, "eval_label0_acc": 0.9466292134831461, "eval_label1_acc": 0.7808988764044944, "eval_label2_acc": 0.8286516853932584, "eval_label0_macro_recall": 0.9405128205128206, "eval_label1_macro_recall": 0.6939765548034943, "eval_label2_macro_recall": 0.381540733448191, "eval_label0_micro_recall": 0.9466292134831461, "eval_label1_micro_recall": 0.7808988764044944, "eval_label2_micro_recall": 0.8286516853932584, "eval_label0_macro_precision": 0.9533729176975094, "eval_label1_macro_precision": 0.830595238095238, "eval_label2_macro_precision": 0.32602469135802464, "eval_label0_micro_precision": 0.9466292134831461, "eval_label1_micro_precision": 0.7808988764044944, "eval_label2_micro_precision": 0.8286516853932584, "eval_label0_macro_f1": 0.9451219017484078, "eval_label1_macro_f1": 0.7152678882257847, "eval_label2_macro_f1": 0.3515786175018933, "eval_label0_micro_f1": 0.9466292134831461, "eval_label1_micro_f1": 0.7808988764044944, "eval_label2_micro_f1": 0.8286516853932584, "eval_label0_weighted_f1": 0.9462459986353312, "eval_label1_weighted_f1": 0.7628518505544675, "eval_label2_weighted_f1": 0.7675199973474779, "eval_avr_acc": 0.8520599250936329, "eval_avr_macro_recall": 0.6720100362548352, "eval_avr_micro_recall": 0.8520599250936329, "eval_avr_macro_precision": 0.7033309490502573, "eval_avr_micro_precision": 0.8520599250936329, "eval_avr_macro_f1": 0.6706561358253619, "eval_avr_micro_f1": 0.8520599250936329, "eval_runtime": 0.8877, "eval_samples_per_second": 401.049, "eval_steps_per_second": 25.91, "epoch": 9.0}