{"eval_loss": 2.454688549041748, "eval_label0_acc": 0.7640449438202247, "eval_label1_acc": 0.5814606741573034, "eval_label2_acc": 0.7640449438202247, "eval_label0_macro_recall": 0.7815384615384615, "eval_label1_macro_recall": 0.5004728879409186, "eval_label2_macro_recall": 0.31389367462466156, "eval_label0_micro_recall": 0.7640449438202247, "eval_label1_micro_recall": 0.5814606741573034, "eval_label2_micro_recall": 0.7640449438202247, "eval_label0_macro_precision": 0.7904761904761904, "eval_label1_macro_precision": 0.6393674136321195, "eval_label2_macro_precision": 0.3122597235615558, "eval_label0_micro_precision": 0.7640449438202247, "eval_label1_micro_precision": 0.5814606741573034, "eval_label2_micro_precision": 0.7640449438202247, "eval_label0_macro_f1": 0.7635673624288425, "eval_label1_macro_f1": 0.5021250978035193, "eval_label2_macro_f1": 0.3076680672268908, "eval_label0_micro_f1": 0.7640449438202247, "eval_label1_micro_f1": 0.5814606741573034, "eval_label2_micro_f1": 0.7640449438202247, "eval_label0_weighted_f1": 0.7622540136025414, "eval_label1_weighted_f1": 0.5463617504514128, "eval_label2_weighted_f1": 0.7017736167500708, "eval_avr_acc": 0.7031835205992509, "eval_avr_macro_recall": 0.5319683413680139, "eval_avr_micro_recall": 0.7031835205992509, "eval_avr_macro_precision": 0.5807011092232887, "eval_avr_micro_precision": 0.7031835205992509, "eval_avr_macro_f1": 0.5244535091530842, "eval_avr_micro_f1": 0.7031835205992509, "eval_runtime": 2.0879, "eval_samples_per_second": 170.503, "eval_steps_per_second": 5.747, "epoch": 2.0}