{"eval_loss": 1.1408228874206543, "eval_label0_acc": 0.949438202247191, "eval_label1_acc": 0.8370786516853933, "eval_label2_acc": 0.8848314606741573, "eval_label0_macro_recall": 0.9500641025641026, "eval_label1_macro_recall": 0.7694005234073436, "eval_label2_macro_recall": 0.5876727650613941, "eval_label0_micro_recall": 0.949438202247191, "eval_label1_micro_recall": 0.8370786516853933, "eval_label2_micro_recall": 0.8848314606741573, "eval_label0_macro_precision": 0.9477678571428572, "eval_label1_macro_precision": 0.8762005760670333, "eval_label2_macro_precision": 0.9515506441920862, "eval_label0_micro_precision": 0.949438202247191, "eval_label1_micro_precision": 0.8370786516853933, "eval_label2_micro_precision": 0.8848314606741573, "eval_label0_macro_f1": 0.9487917146144995, "eval_label1_macro_f1": 0.787523673501021, "eval_label2_macro_f1": 0.6555132051246032, "eval_label0_micro_f1": 0.949438202247191, "eval_label1_micro_f1": 0.8370786516853933, "eval_label2_micro_f1": 0.8848314606741573, "eval_label0_weighted_f1": 0.9495028510104602, "eval_label1_weighted_f1": 0.8256127032240262, "eval_label2_weighted_f1": 0.8584583298468067, "eval_avr_acc": 0.8904494382022472, "eval_avr_macro_recall": 0.7690457970109468, "eval_avr_micro_recall": 0.8904494382022472, "eval_avr_macro_precision": 0.9251730258006589, "eval_avr_micro_precision": 0.8904494382022472, "eval_avr_macro_f1": 0.7972761977467079, "eval_avr_micro_f1": 0.8904494382022472, "eval_runtime": 2.0864, "eval_samples_per_second": 170.632, "eval_steps_per_second": 5.752, "epoch": 10.0}