{"eval_loss": 1.3182450532913208, "eval_label0_acc": 0.949438202247191, "eval_label1_acc": 0.8202247191011236, "eval_label2_acc": 0.8398876404494382, "eval_label0_macro_recall": 0.9444230769230769, "eval_label1_macro_recall": 0.7451798833299259, "eval_label2_macro_recall": 0.3990056608417426, "eval_label0_micro_recall": 0.949438202247191, "eval_label1_micro_recall": 0.8202247191011236, "eval_label2_micro_recall": 0.8398876404494382, "eval_label0_macro_precision": 0.9542059748427673, "eval_label1_macro_precision": 0.858476372168885, "eval_label2_macro_precision": 0.5371228001754984, "eval_label0_micro_precision": 0.949438202247191, "eval_label1_micro_precision": 0.8202247191011236, "eval_label2_micro_precision": 0.8398876404494382, "eval_label0_macro_f1": 0.9481553398058252, "eval_label1_macro_f1": 0.7517377610554516, "eval_label2_macro_f1": 0.3930193919555622, "eval_label0_micro_f1": 0.949438202247191, "eval_label1_micro_f1": 0.8202247191011236, "eval_label2_micro_f1": 0.8398876404494382, "eval_label0_weighted_f1": 0.9491633031526127, "eval_label1_weighted_f1": 0.80399375610427, "eval_label2_weighted_f1": 0.7849916091160414, "eval_avr_acc": 0.8698501872659176, "eval_avr_macro_recall": 0.6962028736982484, "eval_avr_micro_recall": 0.8698501872659176, "eval_avr_macro_precision": 0.7832683823957168, "eval_avr_micro_precision": 0.8698501872659176, "eval_avr_macro_f1": 0.697637497605613, "eval_avr_micro_f1": 0.8698501872659176, "eval_runtime": 2.0869, "eval_samples_per_second": 170.587, "eval_steps_per_second": 5.75, "epoch": 9.0}